#freq, kHz	U_si, клеток
f	u
0.00456	1
0.01065	2
0.02143	3
0.02823	3.4
0.0452	3.8
0.0611	4
0.1124	4
0.1612	4
0.3028	4
0.481	4
1.026	4
10.5	4
20.78	4
45.64	4
72.49	3.9
95.37	3.8
330.5	3.6
470.8	3.4
660.1	3.2
797.5	3
926.3	2.8
1083	2.6
1165	2.5
1562	2
2194	1.5
3412	1
9710	0.55
10150	0.55